{"slicemaps_paths": ["A2013-023-004536/tomo_data/amber_cc_4264/cache/slicemaps/slices_8bit/slicemap0.jpeg", "A2013-023-004536/tomo_data/amber_cc_4264/cache/slicemaps/slices_8bit/slicemap1.jpeg", "A2013-023-004536/tomo_data/amber_cc_4264/cache/slicemaps/slices_8bit/slicemap2.jpeg", "A2013-023-004536/tomo_data/amber_cc_4264/cache/slicemaps/slices_8bit/slicemap3.jpeg"], "row_col": [16, 16], "area_of_slice": [[0, 0], [1024, 1024]], "slices_range": [0, 1024], "filter": "BILINEAR", "volume_size": [1024, 1024, 1024], "slicemap_size": [4096, 4096], "original_slice_size": [1024, 1024], "threshold_indexes": {"isodata": 0.34901960784313724, "otsu": 0.48627450980392156, "li": 0.48454549148414078, "yen": 0.68235294117647061}, "slicemap_slice_size": [256, 256]}