{"slicemaps_paths": ["A2013-023-004536/tomo_data/amber_cc_4264/cache/slicemaps/slices/slicemap0.jpeg", "A2013-023-004536/tomo_data/amber_cc_4264/cache/slicemaps/slices/slicemap1.jpeg", "A2013-023-004536/tomo_data/amber_cc_4264/cache/slicemaps/slices/slicemap2.jpeg", "A2013-023-004536/tomo_data/amber_cc_4264/cache/slicemaps/slices/slicemap3.jpeg", "A2013-023-004536/tomo_data/amber_cc_4264/cache/slicemaps/slices/slicemap4.jpeg", "A2013-023-004536/tomo_data/amber_cc_4264/cache/slicemaps/slices/slicemap5.jpeg", "A2013-023-004536/tomo_data/amber_cc_4264/cache/slicemaps/slices/slicemap6.jpeg", "A2013-023-004536/tomo_data/amber_cc_4264/cache/slicemaps/slices/slicemap7.jpeg", "A2013-023-004536/tomo_data/amber_cc_4264/cache/slicemaps/slices/slicemap8.jpeg", "A2013-023-004536/tomo_data/amber_cc_4264/cache/slicemaps/slices/slicemap9.jpeg", "A2013-023-004536/tomo_data/amber_cc_4264/cache/slicemaps/slices/slicemap10.jpeg", "A2013-023-004536/tomo_data/amber_cc_4264/cache/slicemaps/slices/slicemap11.jpeg", "A2013-023-004536/tomo_data/amber_cc_4264/cache/slicemaps/slices/slicemap12.jpeg", "A2013-023-004536/tomo_data/amber_cc_4264/cache/slicemaps/slices/slicemap13.jpeg", "A2013-023-004536/tomo_data/amber_cc_4264/cache/slicemaps/slices/slicemap14.jpeg", "A2013-023-004536/tomo_data/amber_cc_4264/cache/slicemaps/slices/slicemap15.jpeg"], "row_col": [8, 8], "area_of_slice": [[0, 0], [1024, 1024]], "slices_range": [0, 1024], "filter": "BILINEAR", "volume_size": [1024, 1024, 1024], "slicemap_size": [4096, 4096], "original_slice_size": [1024, 1024], "threshold_indexes": {"isodata": -0.043293917734248968, "otsu": 0.057602953472558192, "li": 0.056300670025395412, "yen": 0.19567235617661008}, "slicemap_slice_size": [512, 512]}